{"options":{"check_for_updates":true,"comment":null,"compat_foreach":false,"compat_metadata":false,"compat_powerful_this":null,"compat_wrappedjsobject":false,"compatopts_for_requires":true,"noframes":null,"override":{"merge_connects":true,"merge_excludes":true,"merge_includes":true,"merge_matches":true,"orig_connects":[],"orig_excludes":[],"orig_includes":[],"orig_matches":["https://ones-closet.com/app/stockReport.php"],"orig_noframes":null,"orig_run_at":"document-idle","orig_run_in":[],"orig_tags":[],"use_blockers":[],"use_connects":[],"use_excludes":[],"use_includes":[],"use_matches":[]},"run_at":null,"run_in":null,"sandbox":null,"tags":[],"unwrap":null,"user_modified":1733275293530},"settings":{"enabled":true,"position":4},"meta":{"name":"One's Closet在庫集計","uuid":"3bf4c231-4f90-413d-9c3a-8f5397d84d09","modified":1733275293530}}